study_hours,sleep_hours,focus_level,stress_level,screen_time,physical_activity,attendance,previous_marks,predicted_performance
4.370861069626263,8.18897028411847,8,3,6.162558516213049,0,55.54990493956574,68.9823818535334,60.19158674840638
9.556428757689245,7.216578198064722,3,6,3.472759859514449,1,90.4117605004611,56.112025364056436,61.274022596870374
7.587945476302646,5.857165697717966,8,5,3.0757490690135865,1,97.38440129822354,57.247699893835005,68.01636558511072
6.387926357773329,8.882770118241691,5,5,3.4479226082209466,1,53.61582376289693,79.40536380847342,60.40207659730916
2.4041677639819286,8.108387035323275,1,5,6.422574718268273,0,97.75576036458507,98.11223990199353,48.06770672303864
2.403950683025824,4.975701636069347,7,1,5.629594277492901,1,76.12882996683726,76.21823203356251,62.33294139275191
1.5227525095137953,9.465563106963055,5,1,2.2963689750722756,1,64.9782838976937,44.61876802389798,48.392864488912686
8.795585311974417,8.935223457539013,6,3,2.21876534733859,0,53.84310376380817,44.53501683124402,65.60968121063976
6.41003510568888,9.698799479751544,6,10,1.6887695479937812,0,75.0312134035209,97.08539325073396,58.382125513287576
7.372653200164409,8.35431705033016,8,4,5.622119037909367,1,89.72577722453744,57.83744741844002,71.8572028468286
1.185260448662222,7.680491175614739,9,5,6.350608635552152,0,85.35432386333491,45.52401916494853,47.41507750586468
9.72918866945795,6.509458217743713,2,2,2.8553249982750284,0,52.51130057319869,75.9426752290229,51.56397713304055
8.491983767203795,9.596370900124079,9,8,1.1466147272163898,0,53.645091768395176,77.41892669741597,74.76442435766255
2.9110519961044856,9.19638333700245,10,2,1.5752016723349915,0,70.14366413163185,78.91028920712128,81.52795809980157
2.636424704863906,4.271312020637136,9,9,7.775020243915213,1,64.76452470239717,56.04412167145248,46.008559240929635
2.650640588680904,4.158201846983512,10,2,3.068113442341942,0,61.619216152802395,40.9066410528685,56.87133730576903
3.7381801866358395,6.258780201268298,10,9,6.384562034866935,0,64.05022494543567,97.9009221672683,55.57370481098176
5.72280788469014,8.863319984690998,7,7,5.372644981979846,0,90.17413716484424,55.05358274146615,67.82176354726764
4.887505167779041,9.923656775889667,1,8,3.673577477570271,0,96.46140268159269,80.56157728315284,64.60067285968884
3.6210622617823773,4.902501346621169,7,2,2.4398108353688857,0,70.25513472637832,82.39779219272258,63.20680484383328
6.506676052501415,7.564784292112811,10,7,1.849704927115845,0,95.30555010662485,76.60044502476914,73.25411481768806
2.2554447458683766,6.285345139786129,5,6,5.305090776272066,0,66.0747850623941,58.77444365281889,39.84194155440322
3.629301836816963,9.819486386887618,6,4,6.422436464464516,0,73.82184931718959,56.265775225843946,65.29323998997465
4.297256589643226,9.052713538814253,10,7,5.507329774787915,1,61.30144989079999,75.86009696216219,61.50361552646314
5.104629857953324,9.029972228266827,7,4,4.712114932744108,0,82.0238021087922,91.9657380167015,55.970927690961915
8.066583652537123,6.812158958769822,5,2,1.2936585640214537,1,98.94905575874044,96.80402373540373,77.79194316182799
2.7970640394252375,6.488917014025991,7,10,7.779421443160686,0,80.17465480216893,46.35434826422546,39.147636754224756
5.628109945722504,5.640442431584237,9,7,6.590999341582022,0,67.89070420567745,49.28971675586319,58.84421997506431
6.331731119758382,4.338252979905563,3,8,3.0497542569067533,0,82.39087229952642,96.68417552698477,55.97543804556787
1.4180537144799796,9.188334257530318,8,2,7.859792305511954,0,56.14603392326938,84.19211370008756,61.422234558848096
6.467903667112945,8.877406054780465,2,5,5.213171127454254,1,94.43295401326993,92.97962948978639,65.0676974566996
2.5347171131856236,9.998306039716784,7,1,5.076958607450726,0,75.15419753899181,52.15795804812059,51.913681495232105
1.5854643368675156,9.979821022443431,2,7,6.2365122560067245,0,72.4674871019821,75.25515226656411,40.53035091074425
9.539969835279999,7.332590233615765,4,8,6.682388516630963,1,79.29323942267595,82.06837566504842,66.09279338953658
9.690688297671034,8.613924491083063,7,6,5.595350251320519,1,81.23919313947013,80.80671312681835,78.39510954339293
8.275576133048151,9.668594379294568,3,5,1.8966702245634002,0,53.58879031132565,64.48910145200189,54.49408031451371
3.741523922560336,9.097884344064468,2,6,3.3678725419614888,1,84.13086106117012,40.92369350147851,46.300779790163965
1.8790490260574548,5.484088610459186,10,2,7.496585482282348,1,62.09658401577648,74.9755634082558,69.47462907525454
7.158097238609412,6.703264811860561,7,1,2.5723092829069634,1,85.69763162532949,55.186092350776526,68.45799485767719
4.961372443656412,4.77495649090897,1,7,3.605169166862593,0,91.12673971920984,67.01525476857341,51.505386520438265
2.0983441136030097,9.724306163552335,8,7,4.0245381806093725,0,90.197925377626,97.45486090502904,57.374752650171295
5.456592191001432,7.63704780670528,3,10,4.075834927861165,0,77.62504837039445,63.94211905854608,52.4161147053762
1.3094966900369656,5.371856833020776,2,10,5.290577077461679,1,76.00849461553756,90.3880963998656,31.45949061085406
9.18388361870904,8.03020410643514,3,2,7.601530864212953,0,57.14379806697059,51.31243634495507,59.81955232230924
3.3290198344001523,7.708769442747375,5,2,2.6848489828275346,1,88.76730752015678,80.34762988150173,60.44294499080029
6.962700559185838,6.148976308197043,8,1,1.8505096341064264,0,63.570469022335715,98.6204172663366,79.5291943870053
3.8053996848046987,4.681345553197774,10,10,2.382293429019561,0,74.83477114089733,46.113586052376206,46.28312118682609
5.680612190600297,8.029439173556797,7,8,7.208474301464887,1,64.21370464637583,40.49919653363152,44.82592472117698
5.920392514089517,7.121846205422759,7,8,5.520675688586442,0,56.691418149984656,66.01496755795687,54.383423893333415
2.6636900997297435,8.633910350413835,7,1,3.001347524674121,1,81.47788484458682,45.55752898308203,60.511687118278346
9.726261649881026,7.12098100667196,8,8,6.711628572780321,1,52.71660174114519,84.90306098057388,66.98299702147007
7.976195410250031,9.113089001911241,1,9,7.029589974544052,0,87.43226170631,94.87291983091353,59.33058793880684
9.455490474077703,7.311441032646913,4,4,6.925600370831946,1,65.87933976305584,66.04125836252553,62.989809370990905
9.053446153848839,7.365627829212317,6,1,7.432485735476881,0,50.00673465022427,55.52269852932646,65.08156385066327
6.381099809299767,9.25992161595007,9,1,2.7656871412135313,0,75.55645696186149,66.06419914039658,77.70662944964306
9.296868115208051,6.420897197274382,2,3,6.285293501223948,1,52.34259542638016,83.40686907100006,53.492126094812946
1.7964325184672756,4.804091370703844,1,5,4.22377648091898,0,63.80847789104497,40.54324969482226,26.563073847933975
2.763845761772307,4.172696057880033,10,5,6.893989870230431,1,85.3488243727858,75.36723936908183,65.42845970583967
1.4070456001948426,8.530823534041714,2,9,6.099434740131293,0,53.13448108109329,76.79750109324274,32.59512452477767
3.927972976869379,7.7218573081207875,7,10,6.435132125498073,0,91.96692461780012,78.26129481375614,52.98543035989546
4.498095607205338,8.22447860859534,3,2,5.593132863767501,0,50.19099613292916,54.52132479885263,48.95819090872672
3.442141285965063,5.277784969053465,10,2,2.242001386287948,0,62.34119346009511,82.84316340268761,68.89259792546665
8.458637582367365,4.818228853520619,2,6,4.8151884322785685,0,87.04520280760357,45.483489179906584,56.36900286117221
4.210779940242304,4.087267994007291,7,9,7.892688176671557,1,65.81350748646534,51.95622018800805,34.51127394662993
3.5284105871864266,6.103525352839582,2,1,7.561716465479832,1,55.094619403300676,92.64820279926892,44.56066944116012
5.884264748424236,7.539506121127799,3,9,1.3022161505790817,1,68.0116959400214,84.32338904359398,51.10174541096336
2.2683180247728636,6.353464270598394,7,9,2.15370371010606,1,63.51966431922628,40.824733240680715,38.96489414129677
8.219772826786357,6.624849532142374,4,9,1.9221014141819333,1,92.13559510802774,54.90257562218801,64.38039453356211
1.6709557931179373,9.424952166962491,1,5,6.081859369897068,1,65.66739587925716,52.864388979589876,38.48697894669171
9.881982429404655,6.089532802139802,5,9,6.7244973089986155,0,89.44662358880036,56.248379682218356,63.574505766592324
7.9502029236699165,7.083936934958865,9,4,2.4945795641747033,0,94.59360724053673,54.85358621679318,86.12572827481567
2.7884411338075514,8.701918076446859,8,2,4.540968850662803,1,71.69087097882648,43.751577744570746,62.185042603546606
1.0496990541124216,6.379256693927621,9,6,6.8849211960784,1,95.4971571927196,67.53643099580921,55.75563671209137
8.339152856093508,7.732520201367241,10,4,6.129610813363755,0,68.86590269815964,83.9640084871699,71.85019825554026
7.361716094628554,9.17418225248047,9,6,4.795660438442938,0,98.20392082450542,76.40390348304618,77.53912507845567
7.561064512368886,9.697123741945852,7,3,5.13243383321141,0,54.46447622627865,80.37230011588478,68.921190613299
7.941433120173512,4.882440885574228,4,6,4.55852382841396,1,84.35096332516213,44.86895071217435,60.04344857704524
1.6664018656068134,9.559525750968966,5,2,3.082839159231744,1,74.69070202284644,97.08944261060724,64.11089358968366
4.226191556898454,6.952697758477229,1,2,4.955153950013113,1,69.38244027278236,90.30951003058149,50.63502589345765
2.0428215357261674,5.54946632979375,1,9,5.822197114350635,0,81.63559393743004,88.30541910973976,34.59635379419625
8.767930832880342,6.754814537429568,3,7,7.113260411025654,0,85.19285458171656,89.37902830250604,63.524559467729595
6.609683141448022,9.880195451712861,8,3,5.454039477854737,1,50.21816348251546,95.96263048796568,76.0983745067679
3.9780822236738427,6.955708563957217,2,1,6.327850759302106,1,58.347654437359935,72.65523796682186,56.541358099266255
1.5720251525742128,5.9725096617250495,4,8,2.120501444682011,0,85.65230253171593,52.016921072057556,41.83855791311904
3.79884089544096,7.800405125900355,2,6,4.2309023209385295,0,83.31927067891033,77.00701647115247,52.140276200605015
3.9266498982407234,5.440873712669158,5,7,1.0653213387896532,0,98.30237525643386,84.57288962007634,56.7481959459744
7.566455605042576,4.455179968651984,9,9,2.7267520516513613,0,88.05188951253915,84.27504360124152,80.33869533344044
6.738017242196918,4.773278331463896,1,5,6.085232005791034,1,97.53863538656691,71.2869414500128,48.93369331208932
8.98491468318694,4.768275033746635,5,1,7.942669659445544,0,85.12702507674035,44.10752316001468,70.38995331306957
5.249934326457543,4.911416161073766,9,10,1.6942466971105112,0,64.90261043197216,62.26677630580767,51.895171986334816
2.0763482134447155,4.83296303589646,1,7,3.8104602110290178,0,55.268246112542826,95.24599650780144,32.762695542549004
7.419203085006955,7.845248468819287,9,5,6.600496780894116,1,89.09119316724679,75.06693458544555,70.40611064268572
7.847065437552077,5.0912805063948685,8,3,2.428249442402292,1,82.2074610737958,72.29991659534281,87.49879979931316
6.051494778125466,6.074003699943179,4,9,4.8855946451160035,0,52.40930061966481,56.13121086293161,41.910638324990174
7.938704619591049,9.380730459436071,10,1,6.131499072207724,0,68.00252329504892,62.10693519499473,79.21490437895795
5.444160367279517,6.843769841577235,5,1,5.311898151821254,0,97.8399907742143,93.72076534919016,79.59396962861842
5.704595464437946,8.005346431126164,5,1,2.316173142307913,1,75.02005728551006,79.98778285161015,67.70274529330143
4.847869165226946,5.033919227209779,6,3,3.487691980800176,1,71.63645680098523,87.24322160513998,62.63167091056045
1.2287721406968566,5.153734112852025,7,6,6.48654249139778,1,72.8849802579647,67.2607253840593,44.91530961788427
1.97102284293974,4.245211697598873,8,10,4.879585598924116,0,60.444136200258185,77.81483316736947,38.55126788663423
1.2828626711806081,5.013610378432987,8,3,1.036607294800389,1,68.43535854323976,54.90301652459245,58.7003662146206
6.727693701374023,5.671542034191752,2,8,6.326935320196657,0,68.49066279935883,82.32764981700917,46.91906873025599
3.82920382968694,5.062062905660481,9,10,1.2471794845816735,0,52.61775100937362,65.65608002220024,40.069805488534385
5.577136220482325,4.532215202542334,7,2,6.220136479118625,0,88.37838142589591,66.55273088888474,63.83760066384203
9.168098265334837,4.723815226603605,4,9,2.417363921156662,1,70.82522159519395,78.9593394746129,60.3739323141361
3.2436300623398746,6.764672608196355,4,3,7.706514360835661,0,91.10899434082117,96.1768372881356,56.15016929774398
4.693446307320667,5.238002310434755,8,5,3.5755852591145914,1,92.51740005599477,43.84038079651725,56.9653561850889
7.799960246887438,6.185619166288452,4,10,3.2885213143665535,1,60.599702734932904,89.48459424082046,51.83534253029848
3.059183489424602,7.020503625129141,6,8,2.0422163523271126,0,82.86767410850644,57.54298662473158,58.61157566676116
1.6928191884591368,8.142368971776191,5,2,3.1392295084315043,0,73.6140902081491,66.63516727038267,53.28184232367336
3.6077630762239123,4.235872839046594,3,6,7.136555332797404,1,94.00783689607425,41.31479972650054,48.8475577232098
2.4509915852860398,8.796462393454256,10,5,7.9743403633907315,0,60.787033958822704,58.06276467005878,50.62174312092265
9.367278871083158,7.767402336945446,2,10,3.5781667135479385,1,83.89066001550222,70.15787455780783,61.314977567073065
8.273083416079754,4.4905541916932314,9,9,4.140274416681798,0,80.38760611263612,43.37056464084634,58.33744680191877
6.700633808593811,9.241471744640663,10,5,6.054496567419159,1,64.76507387859164,69.46574376298992,74.15238233865418
8.84314531168946,9.525234403190879,9,2,7.2033704632555215,1,56.83004518255863,95.62663773150564,74.77531474899676
8.23304869209203,4.366467759129183,1,5,5.151310339307489,1,82.58198802386383,46.323593086468314,54.23462545195534
2.6791305299743224,5.661265888883222,10,4,3.7406798872448053,1,86.92987290661654,85.86644368453025,69.27064288145527
9.0330309864098,8.837207678758368,3,7,3.888352885940366,0,65.78136718816751,64.58026320255956,56.90053981129662
5.854080177240856,8.48955814230195,8,6,5.869327025477648,0,82.2416302011157,79.31042287146028,68.20367684215344
8.266961396476564,5.107126116138264,6,2,1.0225278452299507,1,69.75654538057516,55.614195879113765,76.02464231532504
9.06482169931144,5.256095940020262,5,5,5.337125362218885,1,85.66034416413089,49.5695357524815,64.01030572022958
3.8620312747467747,6.222832616748292,5,7,3.488451073089502,0,59.96076374470265,49.627756856273585,39.401016454002196
1.9904673207490908,6.907137911146128,6,7,6.5593813189395895,0,94.51075013180872,44.22951673858868,41.45315582277211
3.051416462877475,7.709528629181776,7,5,1.6509344787619251,0,64.37047982327898,51.13880229407458,56.10782539515802
4.843970097636307,6.213481837418635,1,9,5.117415868638734,0,68.38929938780765,79.8531630993381,42.27938080284333
8.362132893302437,6.775208296798887,9,4,4.366810229202866,0,52.90459760401749,92.90143671061048,76.62810454802002
8.74657524930709,8.48482562880254,3,3,5.496278681336592,0,55.57561061606382,88.84754113546971,57.72846559859883
1.0625691747807164,4.220099217343588,4,4,1.4539751613807783,1,75.7930951356164,81.10805859246904,42.63083459630762
5.596725723198092,5.514621666064125,10,5,5.059886511996919,0,63.379633836398575,46.62591180466616,63.777328803206785
4.7566990283390105,8.280097515307315,1,6,4.930392115716666,0,91.77401128710972,57.35124677775699,53.04066270367285
2.9989702942365724,9.371241026123196,10,3,4.924620660913197,1,50.734669432747694,58.58841251934814,61.73475420374478
2.0787883060031453,7.070064652693997,3,2,5.224413666175184,0,68.95470243359681,54.997416783857275,40.45011300418441
4.038536542632651,7.192680911591894,2,4,5.735275560584536,0,66.86727733845464,70.90033958258338,42.48540228979342
9.486187335212673,4.643032068038656,2,5,6.634922997765388,0,50.966381545880054,72.13322889278035,55.217946975604804
3.908826388186797,6.684474200940728,1,4,2.8887450408975006,0,56.21841995002551,61.41315851026661,47.25007819186731
5.669115595690295,7.195703598730139,8,3,6.775345871260434,0,70.68213374593176,61.22734952418616,57.699511109532004
7.3271706300566,5.454823021808378,3,8,4.487789775844176,1,74.64322922237233,89.71333587436487,49.951154794330336
4.272666421413646,5.615459385696286,3,10,1.539407953940318,0,70.21448736274345,87.35757089918113,46.55834271323527
9.746038744488645,6.263704978627736,6,4,1.4098565047078544,1,76.5468839206047,58.46774990084474,69.01167071392568
9.662025654479,4.120427186666358,8,2,3.3396682308724257,1,79.75658374528408,94.82730663239556,78.78758874015882
3.2660406624282774,5.93247499349907,9,2,6.494278839780273,0,50.49619105639178,97.16890102015037,53.895281595349665
5.475236553031469,5.268688041979268,9,1,5.95376654318641,1,73.2047579726752,59.60455252180245,63.67752555712238
3.707904788350927,5.964984113067488,4,4,6.520304752706845,0,98.17496204437941,61.26549692758329,49.62904767343787
3.5635644493972087,4.718572790915507,5,10,4.6208833950912656,1,75.95161400647743,70.33804920531753,37.74197644273557
1.3319825261907952,9.34316368443937,2,9,4.081392985688434,1,83.87711337294766,96.46724875202041,49.711851851567516
6.486079005819072,7.561554721324292,9,7,2.0321676869439877,0,65.59319289584415,92.57916598853869,70.94316180461422
5.524111209059753,8.074613914866937,8,10,3.297349275265181,0,88.69956890763812,46.154077755015386,61.889929250639774
1.463308761249904,8.73502743164403,3,7,4.038135563217127,0,88.64607409380575,63.56384459628497,39.284101458025866
3.507818178129503,6.990653193574344,9,7,1.6202030077573206,0,76.06480238270694,73.20227138498632,62.644620268886115
9.174392973699883,4.521521728524542,3,8,2.544283668978479,0,98.80069116396068,70.1879483530924,75.22996608869393
3.1560570160027517,7.2226392509112864,9,1,5.187577058446172,1,56.27751073813267,51.63178407621356,55.384771973182154
2.304053848821008,7.521046708125275,2,10,6.149641799674329,1,50.84738324447905,91.52900627008928,37.575824144789166
5.405074842498067,8.47263684510598,10,10,7.988432579750647,1,88.50791058785481,80.61644697981023,69.98890661034409
9.870854086995406,6.589957277378076,9,8,7.531793319404904,1,90.35777686824413,90.27450249110822,82.518504412852
3.178497443603504,4.765481816773383,8,4,5.497956396746341,1,56.01036145602881,91.52585676096834,55.538098161711424
7.049219926652907,5.702655434792347,9,4,3.948736373058504,1,63.2791416479303,84.90135121994439,73.02273924785133
7.854576537958458,6.178493778391811,5,4,5.453241552957629,1,50.877618168331445,66.35263607498304,59.4798212250873
3.1387378959315972,7.875503447989607,2,6,6.499561326561624,0,64.66543053902824,76.63280530092547,46.063958948717136
7.553947137506736,7.424669828013471,8,7,1.8283533364637112,0,88.65709369593358,49.62192436718459,64.62794136397335
4.3100481944732785,6.1365803553870775,6,6,3.8693342278740177,1,75.89802638562895,80.41872504849445,49.42688730405743
6.690752475342215,9.919091492757879,8,1,6.878615999449321,1,67.40477965841441,50.75519534435685,61.83145767736469
6.7017673968480524,7.634648916141323,5,8,3.686830663531308,0,68.58696474531652,81.63697543060941,58.07224575060432
5.821972156672826,5.423360750415966,10,10,5.003105898590306,0,50.06768128577341,53.775889645238124,51.431981605608584
1.8126079304896747,4.6106948357224224,2,7,5.114385526035387,0,64.9900263782618,47.0530780090132,23.218743681495695
8.51772246030314,4.917154835105992,6,6,2.2913337719354754,0,82.32293708189653,49.91706940857745,68.67885193068784
3.8870205847456223,5.475746370307049,5,6,3.535648091566019,1,98.70972219081786,40.11952811314421,50.520969333093376
2.678666593598688,4.964088239557334,5,5,3.341579021193525,0,92.35304134919497,83.12437707121182,55.16823158516966
1.3669762739928752,5.119402144307834,1,6,1.1833769597244537,1,51.17974823227646,83.94406294350274,30.87536902070497
6.318036488694176,5.710571012163083,2,9,1.1693423472394868,1,94.92803023374196,70.89600099479557,46.925282866740915
7.098079256580542,5.040241571768529,8,10,6.821879305730414,1,89.15992066493129,49.68176806332302,57.31458164769096
1.1492904603507053,9.380592547758551,3,9,2.9114956698096868,0,89.01880617854903,45.01326025064139,50.80425177059073
5.608837524693529,4.481402473969853,10,10,4.626551363671708,0,72.89978795017858,41.14773798623722,50.90380752365509
3.0384619767814414,7.147068337421528,3,8,3.0910790151214114,1,69.90026464772514,49.944890617913245,30.93157774239041
6.806555113685048,6.462380961937969,8,10,7.584754715807383,1,65.14578644165962,93.45133209898881,62.26092092169007
2.569297861044923,9.894271701451638,8,9,2.8150773120604162,1,53.284742947718286,54.4922105021009,39.70944992695007
7.218439642922194,4.672233413008314,2,10,4.007597689172545,0,61.41176817468495,61.25627963303294,34.67646593171156
4.480618116704837,6.38713359427445,8,8,7.109111753392213,1,62.33018174890123,46.32072906887999,44.44464340666007
9.43056989863061,9.816822599652212,1,8,6.89353496754266,0,74.20385348551008,53.34167828489022,54.95183257384424
2.2376884973139393,9.193042755363882,6,1,2.302709924923941,1,87.3722203298347,71.15347424681231,62.98011639388546
4.069597159452327,8.902432425695679,8,10,6.618503168569973,1,73.69049141989733,76.46516098573915,53.92273770889148
2.021261691165302,5.547416962269639,3,5,4.207308207165249,1,52.89222247235803,54.72113884997266,38.054677979657825
9.322242564507064,5.025325524340395,8,4,4.380782104597486,0,97.8894900494102,43.46392955350703,78.78333994274531
8.896054180428829,8.011859319546586,1,2,1.9343598069116066,0,97.13621595470562,63.46197214764392,79.41410594849215
3.3214746494364005,9.576255934765515,9,8,1.5642105962998727,1,89.25947715742042,54.05220225558005,74.239236789249
6.939856414307611,7.3405773580835785,9,3,6.095575148816357,0,99.56639507821103,53.17323539378812,80.31894413460456
8.354999801810942,7.429676136819399,5,4,4.475228066487098,1,77.22411664001315,97.59176816280731,73.15869169581357
5.996807304395161,5.6798745619617055,10,7,4.057954918306256,0,98.13841751266031,76.97802915554345,78.08757522614586
5.766855205204059,8.616957599151622,4,10,6.106557600566777,0,53.78025203083754,73.41270659032575,47.386214908513125
3.1766706181040654,5.12226249134514,6,9,6.358590292937768,0,68.28403741306857,64.94650621139931,43.77282734317181
1.837924910253093,5.942075418425462,7,2,2.112357173685475,1,61.26906340033829,65.73666000580866,54.8097131762071
9.074941821579941,6.5526186316985005,5,3,5.271576046343489,0,59.7916542067135,72.45430023028484,60.6127922524556
9.103762514469974,7.04566227210673,10,4,1.9474785759437987,0,57.0401474446338,81.78578842216643,73.709140997105
6.697913115459412,5.454458394490482,9,10,6.25962560220332,1,81.12068207829984,82.12876577090977,61.94321155047712
4.051268119438307,4.689020948435221,3,1,5.5986860938699765,1,89.06609278736525,50.30163446232697,53.58772073528545
4.142886171513948,7.663720254649796,7,7,7.696302347584206,1,78.91491997101804,70.00676512459762,51.93511786474173
7.533601109832154,5.731783319441535,10,2,1.4827061144949483,1,57.34813547941049,64.71748570204612,75.21361916652299
9.073992339573193,7.487429328535674,10,5,1.3993830480587803,0,90.55618849667354,92.23161797616305,100.0
8.983777818386056,4.926176291645214,5,1,2.975309522852401,0,81.79773535818643,77.88513527310258,66.76809352626572
8.018879912718614,6.886840611128905,7,3,2.8319397861513416,0,69.40828530634977,71.95024398495892,75.16927768905407
6.77828481538859,7.195536595309515,2,2,2.7288515935039985,0,83.70651477680315,46.923678530735046,60.176982372665655
1.7572596849554394,4.310941220934561,4,1,7.343782063647257,0,62.995248962141645,76.3382733594047,46.435286117339885
2.454658426851524,6.019625669163523,2,7,2.7468233989465425,1,67.25961042471053,47.03223434081401,33.35001766520206
9.086987696743714,4.8064880616338455,7,5,2.9036480829004168,0,95.87429215659951,60.232394533945126,73.60202037994267
6.457861536936309,4.380249822836607,2,1,6.315787836925746,0,64.52522528357102,48.57051788885991,48.61841415755372
1.0827734645496667,9.939761394339671,1,6,4.14817889715378,0,73.49941340789684,81.52441882146213,43.31493522471507
1.913243885794289,5.934123069848338,9,5,6.436973898686269,1,94.50705686980073,52.37512683016916,48.971756260696516
6.971515921972502,8.85924667512781,1,3,1.4575631029506968,1,85.38606751337637,63.51156239128156,63.90865429371924
1.0455542546159682,5.527843928582583,8,7,4.41299835571369,0,53.110161308235135,93.74048665712672,39.591630756615025
2.4472724627574878,8.089016333343576,2,10,1.2352952012829785,1,57.36515221394852,52.25898300393822,36.943718273499854
5.938604104299275,8.561367159338118,8,9,1.4385724241874818,1,50.392079538595844,70.46830383752675,48.63354769926138
7.227056779234239,7.573832443647065,3,9,7.345062173410876,1,81.54608951145818,65.15629966996133,57.22168712485449
6.867651335523405,6.82945713130095,6,9,1.9747175978231661,1,72.38367127052092,41.08744246274378,56.0190013126592
3.018423785145038,6.471045484883611,3,2,4.72694477592652,1,56.713742545113774,87.56548681436877,52.21984611933886
7.409612992127823,6.093209599257972,7,3,3.8776692182049457,1,97.89670605283852,44.142754378875985,60.66219101338913
3.135241787471201,9.577174865486956,10,7,3.431403283811899,1,76.482986197281,68.45530125861721,63.26542240354649
3.9285972834334095,8.983716446726374,9,5,7.298833419810907,0,62.09466470564446,73.640697696337,65.62259055312221
7.718422646062217,9.790161463999075,2,2,1.1527637774284265,0,75.03017855773538,77.70558739687522,69.2856661852699
6.846696091424932,4.745783340913269,5,3,5.646527803229124,1,83.98101663675538,81.31789775847253,60.15646122960567
8.6430106944476,8.385204851221864,6,10,7.743761039494853,0,53.81196089867822,55.196343011362906,47.441079370304436
6.91851603070309,9.630042740926227,4,6,4.921177284232893,0,63.7351907523946,40.59872659950696,52.71909133633725
6.114777430019244,5.087398396993961,4,7,7.557757234231643,1,90.34827454419968,83.40661974129472,52.38923799626221
1.8430729104528323,4.398977604200665,4,9,1.3658051550021664,0,72.98324352013306,72.13939596085471,46.83228193608824
4.309442227534902,8.446723895740355,2,1,3.93155323351913,1,77.32885710161474,90.16706219243493,62.92087009794811
3.386821309135529,7.446838679079471,4,7,2.8211045367343583,1,71.64080011047346,89.28330177404166,50.887260402934395
3.195906790411752,9.050972660549633,1,8,6.115746754865109,1,52.194997132150256,90.59957006727299,32.72217473091051
9.75709499277201,4.838634259757737,6,3,7.869079633480727,0,58.2874889910078,69.10567959877241,65.01122488153742
4.537879522000844,8.771603871159341,1,4,2.7957104371097348,0,72.27708193709455,60.017703750211936,53.70139097935896
9.02841899659402,5.209763920286467,10,10,5.579222210318521,0,60.459273270396395,87.4934921554822,61.48190704288814
6.680247633975366,4.981935657194227,6,6,2.3866834293181807,0,52.49895143298394,67.07764678175529,42.77040878608709
8.153301731874835,4.985594787585958,1,10,4.95731178200127,1,92.18248320259119,51.006531784206075,49.81419699456274
5.523733837946729,8.887448321388293,6,7,4.247527406818353,1,99.0596264582058,91.29844117368846,71.43653888602533
6.192134961637232,7.991183324177201,10,4,7.804037307420759,0,89.65714369983698,92.95359260634083,80.83129255378574
5.432659244369775,7.138392548614716,8,8,5.259690908875266,1,92.68924608523335,67.97858536841021,74.21790959242148
2.7571868901824006,6.152982904741015,2,5,3.4465446046077313,1,62.09885651585227,44.54198363858725,36.57979144188763
7.502069037353548,9.26320324487865,2,1,1.7986704942155336,0,98.03134877565998,63.269565395015874,72.84543159397363
3.526951261967702,6.354670644535812,4,4,2.058727801144542,1,59.84628522267142,88.2122595677562,48.150383962689396
1.2188436978830846,8.899596636829463,3,3,2.5772185096586457,0,97.57149051809162,94.10644171277372,61.849912230800236
6.80925066316451,6.634809451421311,4,9,2.756766629382086,1,99.74096469829755,52.20836454985575,59.88542327319978
2.5939961146634403,6.2616665765494455,7,8,6.954312404887965,0,85.58614028730244,44.01841672151629,45.66924028008259
9.464127259176228,6.776078714017639,1,1,4.928559517977675,1,99.0571865895911,92.64102718797032,86.25856481579626
9.585357193023286,5.808267244984853,6,6,4.663736379620565,1,78.47698897835518,63.364296338732515,69.7234412589977
9.233779511984036,8.485656281057507,3,9,1.8033821030845223,0,62.97708915880452,72.5056578560538,59.229805059777895
4.331428302298999,7.016322340554875,10,7,7.020977853446045,0,71.84979428328104,98.08394872304554,61.471001548559826
1.1391095487598069,5.393276170880904,7,4,6.059700122459386,0,79.6780467689393,43.99388367485337,46.91354259033054
9.354867063289529,9.397447439647411,10,1,1.473678533300011,0,53.65407810135075,78.89908044712573,81.85065901231198
4.8536573348558285,6.303347328239268,2,2,5.954845680608381,1,81.1171632308623,44.446325354492025,50.75788808673672
9.699893371393026,7.261317166683932,2,5,4.804767521398523,1,99.05889183811473,62.52813570799002,71.4973059846666
9.672579793803276,9.438832665787281,4,5,1.5720774202274477,0,59.50538248918638,88.22887271160681,71.6827492381817
8.677085099206241,7.745427975483953,1,8,4.208104490700595,1,89.62975581441916,66.00833396533807,56.04191153760859
3.6500400286262713,4.701388244250184,3,6,4.392874009910329,0,95.39493968898097,99.83094123417703,46.44249434488579
4.465879557417328,9.638992741680852,9,8,2.1604217811429303,0,97.18507964101104,73.54355709679612,79.04618516868615
8.660230043651712,7.766248318428508,7,2,7.619887029001976,1,98.00678022027236,59.269729158157205,79.95254240670961
3.852298046406499,6.009433687942517,7,3,6.9498276003646335,1,76.0729819360736,53.20667955428519,56.79638494716842
2.5254347201748324,4.835632435980323,4,6,5.683156361303758,0,98.86539539957519,61.03123205716971,40.94298244552381
6.0112113621251515,8.764151135621777,2,10,4.236068927004251,0,87.86551035672194,62.35199642557305,58.667432072572765
9.425392967447028,7.720436535571081,4,3,3.8823587910915593,0,58.083571811848095,44.12282066343766,58.68532977403418
7.264268170074757,7.200766551857929,6,6,5.556814270056679,1,73.8450053233985,62.174451965606394,59.549421459560506
6.1305505308042845,9.363355498305745,3,6,4.818023085848338,1,85.9165587686002,67.85431118435349,55.55278207897762
1.8745884439369167,8.731583267347185,1,2,1.4359117411731992,1,62.36701579095417,83.36426513432828,41.79616337714253
6.535065040292528,4.910049278396507,8,7,4.587518541392322,1,82.03075917744437,79.40376908329648,70.89193110544419
9.91048465093837,5.870332406773289,5,2,6.644825320629876,0,83.33002395233096,82.52593931374926,81.87406681231323
2.260756137128716,5.490934838886794,5,6,4.2146791431787065,0,58.13498719042829,40.50182091261143,35.38683304085741
5.664966871273631,8.463677755436063,4,1,1.3636960428798788,0,78.25426562263782,53.06004397483216,62.68560340118431
8.8963576473516,4.201194608414676,6,3,6.503947395688232,0,88.58134554893039,79.70105730399139,70.16813291511889
7.66691755978784,7.419338109227899,3,2,2.4095464749518207,0,74.9447832267971,69.03936209078483,65.42998702437797
7.273141668957412,8.574752114444143,9,7,2.8103458442162714,0,50.60515583880537,40.318808540100754,52.98064634860724
7.322356755883983,9.260593820570497,5,4,2.1529444740260715,1,50.45192345396461,88.26967854590934,65.37207481469169
4.2354203609777965,6.052490492295445,3,8,3.311505454100483,1,67.85146719850061,86.36857439742025,48.750446190493044
3.64232659838044,8.927543828032077,1,6,6.297260539820445,0,96.30970342158909,72.90514977961377,57.76459891882201
8.284250399306622,4.663790421731243,10,10,4.635701016527562,0,61.43383898018044,43.987799546576326,55.36954303777381
8.291020552112627,9.07871375040711,6,4,2.434168919054988,1,81.71818444358436,85.99090297195508,71.7433304698064
8.803650867220934,4.764931973991894,2,5,7.144810547064286,1,61.103793534666025,75.02281526388184,53.615155011145454
9.219164973008242,6.383723743362204,3,9,7.157072984660704,1,66.08349948297743,86.91759862947755,53.89534182534319
5.60208158974844,8.783772194677322,1,7,7.094048975322048,1,92.4021044800742,85.10481954375042,63.18045701375672
5.513646652184796,4.899504564092643,9,10,2.671573479670775,0,86.44307211349735,88.18012431747023,72.17803550469347
8.184656610700976,5.375508371395849,8,9,4.158675409266917,0,54.76996386566053,71.08048398427749,64.83558619246945
6.849675376999887,8.333515410358398,2,7,7.894927592986125,0,71.43510104932167,48.4194710916109,43.53601882130347
7.31770189531933,8.320219219276446,8,1,6.404087334169932,0,51.458488182263224,80.26944840278132,80.31120773496608
8.16213402492491,7.846885797311784,9,8,1.1901719485789188,0,74.04450733015045,77.22842710311824,76.39924195384835
9.010048076358096,8.1636906668026,1,4,1.4564321388234442,1,83.1217005850534,84.53519123194523,79.28967450252392
4.041956411663822,7.256346660085577,5,3,4.247519637686329,0,55.92513117990758,50.19286036304412,46.544904739023885
4.380246573759496,5.5107943534417165,8,7,7.364541441030921,1,64.44424694545829,51.69851199401735,45.53225931792321
1.845837458567821,6.074175961023517,2,3,4.770912585669,0,69.89183127510785,93.42457103315971,49.477545354810545
6.204521268965566,5.089586300808554,4,8,4.484687556240031,0,95.97655123280248,84.99866790712426,61.213082066721995
1.3234804641706788,9.45070336800177,7,6,1.738315899696414,0,99.66275077114821,94.49370932201938,75.81806712582713
5.190382163192141,7.500350768596723,3,5,5.597460733070058,0,52.24556494978079,85.52291926983524,48.74662757396439
5.883801712368189,6.405108500581839,5,4,6.754722124201578,0,88.0503961747696,75.82931835941811,68.96650238345795
3.5788712691545594,6.772034821864796,8,8,3.662940052552936,1,68.58620332011716,79.24796422167242,59.52891672916356
6.317499345121097,9.683700037670892,10,8,6.429282956477293,1,69.622909311474,93.3476754364006,70.37946225051837
1.2745022494514449,4.920108418696481,3,1,7.751336577305681,1,87.71324866735114,74.72840527071642,51.84812041612785
1.3361336987429298,7.517378992100784,4,9,2.4263652138938236,0,95.92132160727044,77.94347945970324,48.68880466107121
8.403405045936925,7.035332073306796,9,5,4.663307418363189,0,97.54642972512741,49.38860296021603,88.29088181604935
4.241715772701366,7.668725412607887,7,4,3.0099657065920287,1,78.85612930191604,68.43527320696616,51.11964367066903
2.143544613866963,4.108661102925043,1,6,6.549980933236876,0,67.85605796502514,82.98382671748594,38.29017101129803
5.700189340493239,9.23274345366491,4,6,5.043153561168102,0,89.37745429293896,56.25656189898193,51.298004091855205
7.9299419778874976,9.592709694901675,4,2,5.442076922852126,1,62.55006916311501,52.13525083147209,61.83562996335771
2.9423892474715885,7.390799101535253,9,8,6.585399117311258,0,78.20370144167589,58.82960849346493,52.65576433751013
6.606014282371002,8.179904943261354,6,7,3.771793308637184,1,67.92892307624366,54.49003767957001,65.32795206553787
1.768127184943912,9.534996287063773,9,1,7.405630478849303,0,82.8315536853938,52.894758222183754,59.784838603776585
1.4651354905174694,8.243431805880391,6,5,4.731202070722979,1,62.019945644675346,65.49105057208521,54.04103775051982
5.782191684113332,4.915234257485568,6,6,2.105683759847436,0,59.57964728674129,94.47031083301204,53.59651998816506
5.865716094490959,7.457730161000879,5,4,5.871293827181617,0,95.91195433377186,70.4235788043231,73.57124233031762
6.736869113483859,7.640290278297135,5,2,6.552829453067781,1,55.09018414747685,51.275222848919384,53.16015135259714
7.534822003503954,6.544784027814316,2,4,3.217331739472687,0,75.29789538674657,44.61830016285244,55.317100555808736
9.782668715162812,8.418665413748336,8,1,7.0002547989912705,0,61.04263914815044,81.76936870827552,77.5691872800865
5.646703134710758,9.60620208861409,8,7,7.343002783360365,1,51.94649816628337,62.967925866183265,61.272410180037355
3.9066082564712135,9.553411077440657,1,2,2.9383314116446626,0,51.80094091457132,89.30985679512156,58.9992586952588
8.156675752918332,6.705036228424793,8,2,7.884650309006554,1,58.76108860529136,79.5706461184462,71.32455782412573
3.437490261358668,4.679428275044532,5,9,1.9849806963413088,0,93.33851772530002,87.77448703248211,49.924998170774714
4.950742786350725,9.909047193774008,2,5,2.4141096788174297,0,64.12393719885134,56.316762365106925,48.25174237024596
1.7061074320803935,9.033388518675604,2,2,2.289573874666183,0,97.52295852876479,81.54153534766348,56.948089484179725
1.2281566907391177,4.747976087219601,6,9,7.257927970055093,0,79.08111464945968,55.84371908162313,25.086791664823814
9.663835732101326,9.525051295704234,9,9,5.580047866274733,1,71.8307094884383,96.3441087670175,84.49174351672013
8.523821084609853,9.21937817237277,1,1,2.0647299825559102,0,79.00444173347273,78.18245689200246,71.2725962542567
7.263767854843282,7.113028342756433,6,3,4.082263928578443,1,75.83491926131339,59.470708010520525,65.19884578170104
4.680576499728429,7.547652614469575,9,4,5.307086175488614,0,87.93881268786626,56.17071173753636,74.81213131653176
2.559648880637612,6.394016223220781,8,7,1.584248594925683,0,64.12480329864262,51.45559510429861,47.05451494002019
2.4079333840397745,4.328569832932188,6,10,7.176914578851371,0,67.65251958001512,81.67845753362366,34.76486633294595
3.252186083481358,6.011183449875405,3,4,6.625224748090746,0,94.70471512666253,53.12293677987564,48.434289426824726
5.943039982355084,8.81712069158807,8,2,4.536447415036468,1,97.32282565752027,75.71819595564935,75.22397520723483
7.431363304300561,4.027792138027618,9,7,7.769886306814193,1,94.62791137432373,55.878101615521445,65.63598274281983
6.941776390459581,6.000995030146865,1,6,3.924326854925698,1,70.97239969786568,79.71813668763212,50.798643522008824
3.5194050725134858,6.38901216154566,9,3,7.888772233255485,1,89.01827515034408,88.89638371243235,65.94166092496735
9.593787525968747,7.2243736176275375,6,6,5.67543999162539,0,73.81678666505493,86.68151458867919,68.65741230688859
7.641072250261916,9.519133698476562,6,6,5.44269891277759,1,74.87699260730511,85.6510798558469,70.00088854474289
5.989186472602606,6.078075966195767,4,5,2.1616842670704948,1,60.234005452864196,51.263344341535124,51.1686719954952
6.5054867161091705,6.081719211377366,1,4,7.173494308132508,0,79.55651516292582,45.30309681907112,44.54049976986084
4.776400561850109,8.42500748865849,10,10,3.992427815444306,0,59.306794887667394,81.93692970924315,57.971679549841824
3.229578905510417,6.713307645338843,8,1,2.1356338404773556,0,66.5782349533597,62.10083282766108,62.49429780875033
4.2037541078613545,5.347628937639891,2,10,1.0882526398303134,0,92.75151008099675,65.94077358420084,46.544093099724414
7.820614994179322,6.71463709679616,1,6,4.918289785468678,1,60.35379046054276,41.86894556760346,44.340509431232455
1.1295413976678028,4.8451421222788,2,2,4.691797354858734,1,53.557914258671644,55.574586956502955,30.198706975390984
2.0446537645622462,5.05832191903734,1,3,6.03547535658411,0,53.45037963064082,42.02058423246784,33.62583721469579
1.4140237781957747,6.990206636436879,1,8,7.231806371124615,0,97.03922602515539,92.75114635607486,44.93470099482932
1.3665592208707311,6.513552697027287,9,10,1.5558460925012065,0,75.34602189809173,54.60380099311183,45.63621400914205
8.699145256099065,9.4890754064086,1,6,6.120475432382537,1,70.47060359085091,73.44023017438047,60.41214901650207
7.332920734420213,6.174363394699799,4,3,2.3118836086830754,1,90.54392905039592,42.33875923966782,64.04105088837593
5.267564461785927,7.4835301016682605,10,7,7.007239372100148,0,91.79129639552579,80.01084347833948,61.75739277677435
1.8805074458590134,7.793585727517183,6,4,6.733444597031593,0,66.60955165578022,59.38164074524563,49.22215970578304
5.4245428760514915,4.078566739530002,7,9,4.785556284898811,1,84.68090287368976,93.87515121745994,54.4754211082029
5.261245937025091,7.9812242321002635,2,5,5.971699590363181,0,88.55614079259433,93.28709133604215,65.5496510214932
2.5588168291901368,5.068215801218509,6,3,3.200450792286239,0,82.73253434329773,59.51743710170487,53.813414511379925
4.904664843141758,9.766421904816731,7,2,4.298175292529702,1,57.57975374000497,94.05765374142808,73.5989280297922
4.586542609576361,4.891976366518678,10,2,6.751458283973301,0,93.79415417585285,99.76946040992672,73.99390835849877
6.542650882469948,6.487744742362143,10,3,4.214856380212497,1,76.95472763680044,89.52493984743688,78.7144405357363
6.715842857808794,4.512098008471863,2,2,3.5045878572780924,0,64.12362131850018,90.69228086531373,64.47992637109887
1.4077360879484007,9.981245511075684,2,4,4.459487130752099,0,71.2614092718847,54.940524166545394,43.0531662385328
4.371513531638241,7.013170061987456,10,2,6.797744767060529,1,51.87855451994537,74.60214393146538,59.18070380361392
6.632739241428127,7.5723101039202625,7,10,3.346456331596109,1,56.39334006112088,44.03535483804207,52.59413298270822
5.528226327220789,4.402458864330565,1,9,2.2163311519502065,0,88.27733752579304,45.69507620930018,45.508447445950374
8.7084085706949,8.499762822395066,8,2,5.9840981423154656,1,50.00058173776831,99.93355672199743,73.77970771667026
6.928242684570505,5.259433558573514,3,9,6.781847488956573,0,70.82829142411461,59.598354965554655,34.16876287858646
2.466409843732867,9.388325736644283,6,6,1.7044623496647333,0,76.12550905427942,84.89103472293078,58.309795638012076
1.6351187266038685,5.2308378428920435,9,1,2.6791187892916133,1,52.731721000048616,88.39990318160899,62.64122933632461
6.78177350385684,5.144126323981999,6,4,1.9938039283269573,0,98.65390814861664,91.48139626043375,72.69410006684126
1.2386017948745964,4.219298007088569,9,1,3.4355898810751664,0,61.3062665624836,99.85769784412939,60.79859196923416
6.2719802314611695,6.832401670659996,7,6,4.152456852337888,1,65.20993598181404,54.48978911541207,53.94961016009993
9.462072172824618,7.3890467995756985,9,4,6.241784358743145,1,65.19712561275136,42.421049611581985,58.879478066193506
6.179267600882911,4.394251836570114,2,3,5.558033094171719,0,61.520833105867496,64.67149107967515,43.99465592538637
4.493529335858697,8.653165700170064,8,3,5.346499972349018,1,50.07369110431557,47.804840189736815,58.315807390243414
6.789593965981179,6.7197330084881655,8,9,3.466624626267581,1,86.46723970439982,41.34555334972331,48.44497998235315
5.12427601442365,7.14634161596548,2,6,6.89013287159332,1,98.34227498996427,61.625609628489165,54.72871076347901
5.910551103843415,6.644576481629369,4,9,4.2990101717871525,1,61.21467416425225,87.02429506451418,44.78314741544688
9.473183278988726,6.404578365251956,7,5,7.853734566106081,0,83.15235959017113,73.97084147350425,74.7181776983668
4.474923740206968,7.357841987849307,4,2,5.438994968070158,0,87.09481634793576,58.76667935262124,63.23845281849447
9.650715074415228,4.9314414755842755,4,8,1.8838531909515193,0,92.42126895452623,79.26052032956318,68.3588417861771
9.148155777604574,5.091568782971627,6,5,5.733242934528038,1,71.13145985068046,53.92109081852864,60.5498150089446
2.762120213103668,9.170713726081104,10,2,3.2757281080218927,1,65.14654528202146,40.862886764325104,58.07037046564888
1.624251707876489,9.676692772801797,6,4,5.804290376802682,1,66.26475670115155,85.86120318618563,49.095128699149
1.9070020123968399,6.239855897678518,10,9,1.4874880371368402,1,85.63106665492563,77.42458509184056,68.80450238688749
1.1639964308639477,5.624468038861322,3,4,2.2241700602317156,1,90.8389733252818,85.7381574700576,49.196489430960554
1.8499866468033557,7.863997259434095,9,4,6.990160812340505,1,59.08069838783013,42.336281001259934,55.46124806640242
7.147060960747211,6.452405026588578,10,2,2.590256899164604,1,68.54705040788826,90.22717766983914,76.26805349991973
1.6406978361420608,4.152318133962069,2,6,6.859287876700581,0,95.0970098374575,77.17157200217821,45.06030321795921
3.8707806726438516,4.936915584197142,6,2,2.954932619180873,0,90.33467598473696,73.80372104275841,59.29950364442906
8.60387779872509,8.295833373084385,7,7,5.500173370410954,1,99.2429201381238,77.47684288687189,79.83849088934996
1.209447421622433,7.953543651460908,9,3,5.859054014568817,1,87.71241298410403,91.86599481210185,65.6538660885646
8.330216343300421,4.162575955020901,3,3,4.58858327201537,1,69.65976005139612,75.21619039353442,58.3594068095144
3.5366929729605996,5.331832971597697,10,5,3.1371747368771192,0,79.53189169973189,74.85702279329075,68.08339507042089
2.0634834485949063,5.386448779528428,3,3,2.488510634597673,0,83.05071271236602,99.44074942394595,54.70752802928573
7.270634488277356,8.03135646159237,7,2,1.2323254819369835,1,53.922790815856196,85.40381002411408,66.10815220349915
6.660485621018956,4.118263226526185,4,10,3.1276248086850664,1,77.22484795519325,66.53762832706812,52.98249195267045
8.897248121743477,4.624651491907443,8,9,5.572139533718981,0,85.46604142363049,82.44382000197567,62.50703148607351
7.615639394234972,8.799496512239136,7,2,7.568133729139379,0,58.366065200053015,63.353828301507306,68.43338116711368
8.231328373463636,5.071267972326002,5,2,7.098431375841364,0,89.03158587127785,53.73252774900994,70.40775555415709
3.538311153141758,7.916476647111248,7,8,6.362453435747118,0,79.18863902570558,75.81111261326556,53.39938421637785
2.5969558940175053,5.429096686280359,3,9,6.519131402773091,1,97.61108928487974,95.69092588683708,54.950179544981474
7.755532764767725,4.596648356556071,2,7,5.654894324331967,0,52.12111491034459,95.74837120092776,51.323837375016794
8.261512653405376,5.459033145996725,6,3,2.822008002962021,0,63.266306877773346,60.51431668632942,61.12377164942051
9.91454627800606,8.333601591133956,2,9,7.350365214940809,1,80.0776939649912,71.6606479733017,65.79898566226336
4.713559092202838,9.134178808637714,3,3,5.695126183340839,0,64.82799561029654,52.69815391419167,45.56971011735317
4.348162772135049,8.98131918740195,6,5,4.923084416863079,0,85.72120820356211,99.737866569933,67.69973492011488
7.987716646677971,6.383101177710729,5,9,1.7769262844943676,0,87.95026412609656,98.86707447207614,69.3939372129142
4.06723186227716,8.008510819423877,8,3,4.129388806644978,1,55.125798203323725,78.97053578244683,64.90942220076151
9.376815930432082,5.229905772494925,9,7,4.222507898413484,0,75.69272321033839,88.2648435806484,80.50234275254597
8.725714766587107,5.75888638156608,3,1,7.05194526665869,1,75.4445277795528,82.906009677022,72.379189275942
4.860946246375165,9.37801491112672,10,4,4.8265375413145195,1,68.46403851077706,75.5894931423681,72.16870222089175
7.757839610123476,4.078011541064416,3,4,3.6628038427928677,0,96.6462431284836,43.20087981933386,58.08151587420647
7.7908858667621415,4.513051185126809,3,7,7.837602299574615,0,91.37531599366106,67.28586055315967,45.64903484561305
1.9281148195233935,5.247317530876164,6,8,1.7750441532842096,0,84.86046909548185,80.48717813004464,45.90106627421592
9.1229761601161,4.1591932232429185,1,1,3.9578389981836124,0,85.71633178674988,80.65189683302108,76.26694758605736
5.547271352030714,5.088612610538783,7,5,1.294172726199837,1,73.08580719065596,62.387357105343014,51.92977821043782
8.438117194969674,7.498249365818153,1,7,6.179328845368513,0,96.0497260548288,96.50151919948183,61.85610663091736
3.880446409275506,6.528547303554988,5,4,7.4265358653940545,0,84.72977136266427,50.04142193420686,57.21764831901829
9.059709056465804,9.356030266461849,10,4,2.9602613068534263,0,86.44905308279081,70.02156677293364,88.71065250941467
4.502815108607468,8.904661370430645,8,4,7.008391737593846,1,93.08454518936726,81.45303859304937,76.46183472001931
1.0975388633226852,6.050904110187256,4,6,3.0455276132332845,0,63.70357946710955,81.82814835350855,45.965520977542276
9.148437787773373,5.556540600587755,5,7,7.375391131507406,0,90.35354519333515,78.91833740612893,73.56815796483842
1.821580091075202,6.278154449003601,4,2,6.277733325177488,1,59.7620301478246,56.51729280711161,43.40265261461005
3.873822738313734,7.541769655088847,4,5,6.634347437890071,1,67.26709761224438,49.37239412119732,48.23471064419786
9.550557703457244,5.6083818449372576,8,4,1.1260458892031815,0,66.78052271349213,78.15641960960265,73.20712921252228
9.555464322438006,7.744893447094804,2,3,7.739672499518182,0,98.92627341945703,75.95812696836626,75.06750077462009
6.160940993109575,6.456469913147442,1,7,6.086696944492263,0,92.82686118739633,50.761360617354455,46.520060397746484
6.686534909528193,7.312283085111881,3,6,3.1332576677029333,0,85.05849307951298,82.3083487342338,61.26519256458246
5.036009697804878,6.6167591748119,9,7,6.805762654011929,0,86.35283808076952,67.31031950401939,67.05093325098854
3.638896945282581,5.766794557251506,4,5,2.9706483889045097,1,78.10363972012856,80.06563549618917,59.229121705752426
3.957980908329244,9.690719841772939,10,6,7.109276876962896,1,97.35453335542596,90.24202478620904,84.01873089911987
7.052666104693346,8.581634764958565,5,5,1.7880627328835592,0,74.81293764411808,50.183705714615385,71.81299303987716
7.77137076493912,4.8406790545987155,2,7,5.92580184222557,0,69.02588549349473,41.1486920798102,47.78772352282464
8.124211393532637,9.210807855387477,4,2,4.7848893365143725,1,58.15176684657955,86.7461551837472,60.53438396993819
8.106563285150985,6.924587189497082,2,5,1.6757412913680856,0,89.31028261305289,76.58184550915695,76.72540650625074
1.8208549274382133,9.367313361364548,2,6,2.693256797811873,0,86.72219660377957,81.97837417732731,57.91202273276163
5.449782742323233,8.799131535683891,4,6,1.0868282539412035,0,69.21775192620674,90.28929849931856,59.730210732686935
1.5180288401497986,6.551281026815401,6,5,4.28137575825154,0,51.25967069796147,88.16865608947003,50.49679608744241
5.94575994091362,4.134815849920704,7,10,3.108856825320003,0,91.94986638590053,97.65520881572948,58.887439775947506
4.973774512360393,5.6120641563096765,10,7,5.188502390084311,1,50.57089917270368,72.1561047311271,57.859671423866416
8.989337644824698,7.249805287965201,3,10,3.08066465396032,0,85.18498898145255,69.30973795959432,54.103481471033355
4.158235112968708,7.800869318956884,3,8,3.099433780548893,0,98.51285548630285,64.1132319934438,51.332868980954636
2.053603147848453,5.5473261125992135,10,7,6.202352391121224,0,71.88306640741017,49.22146257065227,51.71150272975487
2.2869251384755227,4.836136444436945,6,5,1.336999851848474,1,61.74867024979764,74.35643397292134,54.89483924548377
7.85359568545725,9.009581420795794,3,1,7.3202649663439106,1,85.24355050216909,56.620751459558726,68.85249611822442
6.56396256984635,9.906413084221313,2,5,6.96584712073827,1,90.85640710077925,95.27845073277854,65.6854480235592
1.9101040851051123,7.154141093816115,8,10,5.674632782584846,1,77.32151580389237,74.99144825662586,38.45225198831004
1.756961255034977,5.030075715089821,5,2,5.15255099075169,0,98.35176376280731,75.57041083048661,57.35947151615319
7.30872218313208,5.633843959116214,1,5,7.246117486977566,1,52.583436082898054,61.2954796526206,44.67800604904313
1.6548670572777417,4.110344059284801,3,5,2.297311256701001,0,75.2397799152264,43.11936111866245,36.11735314404273
8.396740533613206,9.485792839362993,10,2,1.5527841353358003,0,85.9226973661275,41.90462592237932,84.71260114658374
7.3561800444084655,4.706506497340847,8,5,2.6765711893667667,1,93.13202355745895,65.40010864919185,71.36518012515211
1.7321390257770979,7.459098853085521,4,4,6.562047950901332,1,58.9627805953895,45.07392268583427,36.052035519846235
1.7635394267667273,5.644331324123236,7,1,1.2426918670853833,1,90.00017408818407,76.41081733240836,66.79425632875225
9.87975620651058,7.325068015094761,10,3,5.079647845584427,1,77.63535378592726,92.85838033837945,86.60615398602593
4.368437161805083,7.908522330111185,2,1,7.968062613339169,1,69.82768409949816,92.97488899112332,64.07554458257414
4.335779323602019,8.978450822243211,7,5,6.989872656862776,0,56.58575142895468,79.54272460793393,45.66942799386161
8.315196105317522,5.2385276305636195,5,4,4.650119823305126,1,93.26478794544562,52.67390988837586,63.78066731728757
9.525237196454729,4.065974971950883,5,7,1.4454863650064964,1,57.863660408985766,91.77980988153232,59.33034806547271
9.874009574405838,4.821313780412844,6,5,6.8196146006999685,1,65.48939296045496,93.16560611879248,68.97287211800094
7.780403667330475,9.400111851088631,9,10,5.192849557240474,0,64.50227659812184,51.79921509717752,61.45457731600636
4.386336269778242,9.243340465375091,6,4,1.8045309794169677,1,93.57070170954272,84.24556514624064,82.05760944294936
1.7515064502880189,7.58447861302185,8,2,1.6570009937634933,0,83.63514971044489,57.19117293562738,73.38297279323724
7.994322243346931,7.60310116260192,7,4,7.367387736056147,1,89.83406985956861,88.15841874117578,72.7395570444674
6.025638247622245,7.990220047277533,9,2,5.684401840566549,1,62.52339493962495,99.83427399421616,75.09139745530422
4.817998083222786,5.052227671740697,4,8,6.805007595217289,0,81.24370498034995,41.80156031976357,42.533274763130194
9.157189465852625,9.486471675549758,2,3,7.152852301975871,1,78.58729915718743,93.84195194745593,67.82534027094107
2.000777340755362,6.5126231493524385,7,9,5.0024064643382555,0,91.64151883941355,77.35783201591948,56.37440384677488
5.433625938617732,6.298831169496985,6,4,4.622124462285289,0,95.30435302406303,98.40295714988926,71.48454763187657
1.1021828029067717,7.113506231697025,1,6,4.012991872246931,0,50.60783857386934,67.90057105158566,25.837016012038582
5.217945777947136,4.281795800650331,9,10,3.2186261145378348,1,83.70099595293964,90.84327583428242,61.13004446271117
1.5067294811365362,4.9977002125364764,9,5,4.042171726010983,1,52.59178995598645,43.743644115896636,37.25909524190709
2.0693612464126474,8.428201698558222,2,10,6.417157590111095,1,77.44293325386779,60.11674300469774,40.83801079795402
2.057736220993944,4.496792007550759,3,1,5.213464017105921,0,64.38163645218391,44.0209922650726,48.802550210943124
6.842892719044572,7.618912656798329,5,9,7.247663029683922,1,65.33882997610706,98.52058800874423,58.317801217178676
7.71440391338881,5.472094658087926,5,1,4.103660100654314,0,67.64792517261783,89.0184344363102,70.54493994926338
6.250318885874437,6.335773684251859,1,8,5.249627051031278,1,81.0646224524805,91.15284527475822,53.19196031509933
9.659552936270877,5.732162420624199,8,9,5.419152871643921,0,66.70249828343846,96.27791388603364,75.00547550689942
4.373835215713337,6.134036298789695,8,9,5.1418801361442785,0,86.63495252951401,45.10620916718712,58.30898496160115
3.571408776536747,8.314275431105473,4,1,5.9184364115986146,0,70.22636927869348,63.1358555508,55.09831272742835
8.817392153705143,5.78273029373905,7,2,2.662034278623644,1,53.41766001549793,44.26209334264013,65.19620785632065
3.0123625466750736,7.398427841781383,10,1,4.586546442820534,0,89.18799212420537,52.64758609300172,73.09114857828658
9.669002854965502,6.856302413194598,3,10,1.7295736196584337,0,64.2879162296353,53.76194662226034,48.07771404813621
1.109390272208347,7.982026992175889,6,2,3.691579293513688,0,71.63834397996314,68.14643266285472,61.238767788933174
9.728909440368751,9.620978435948548,10,10,4.413669480348851,0,84.27219416109509,56.11373004721855,84.51863548840423
1.388439207555185,8.395432583261503,10,8,5.565569816818307,0,66.6228078574356,46.058686409065665,53.522417240203
9.02028802328264,5.28964227154454,9,5,7.6537173681034245,0,52.82928280733578,50.04946534564646,52.962174450677246
5.749309981776698,4.187098810367708,1,7,5.204557465838491,1,68.69605235064068,48.836533813125456,27.475485894877735
9.936683165073703,5.57358426579895,5,2,6.205157413235918,1,97.22242913471517,98.3846078747379,86.38417058109854
1.6641690826185898,7.570467584201529,4,8,4.543862416466419,0,82.08671986492791,85.55755041510841,44.90884046407198
5.984688559611887,4.308554880905502,8,6,5.438728219634319,1,83.57395743336035,98.06568791617372,69.10681708461144
9.72372282057189,6.978197483207418,1,8,1.496525512936414,1,81.61410768188199,66.38442919047452,68.7169395060017
5.707880597531339,7.581057093501335,9,1,2.780741065892929,0,59.94960694797184,56.702108899759395,65.40107405053881
6.664587743217362,6.005463344901765,6,1,3.532971652435971,0,70.916693205114,87.8975918325512,69.60344576895972
7.261738200861554,8.62547322247493,4,7,4.307453485045595,0,87.5469899181659,59.57523508246881,63.8478607057058
5.090869582909959,4.639589518802631,9,8,1.3195412185166862,1,55.06864487765796,57.9630024223209,45.99266276481258
6.648022720756571,4.450826690414853,5,3,1.9801686828732237,0,63.892638804485614,53.950359532469875,52.984710722450764
6.258828807307902,8.36913253722162,5,5,2.9377001545391406,1,63.81595542329268,47.78073869345412,56.588292553998016
9.110422094418901,6.972947897237191,5,1,7.800728836307354,0,71.6009463797253,55.387783661005955,64.9903145476257
1.409017423073121,8.130414378566417,1,7,3.3194290497213554,1,99.01843704710924,61.31918490843326,48.91014294062663
3.528668706330073,6.608964031622477,1,5,4.374287406784578,0,53.3751273341911,80.43965248874383,54.791197176676754
9.553703356689029,5.478412199434641,8,8,2.372683989168751,0,75.93504971902975,43.753890533167095,65.75617742113874
9.012374055018247,8.914613906045197,8,8,5.275460497530378,1,58.96823410061052,52.630416379920575,58.63538927506026
5.100910775071417,8.796495273813875,6,9,2.9647825086118202,1,98.53382727048721,88.54141841750058,75.84187097822162
6.581193380213831,8.16817882512656,4,7,2.4489480490689877,1,55.66517523637321,48.81531541502625,42.27482691647154
3.496430646830194,5.632870823379776,2,1,4.616008399121854,1,70.18005011807956,60.55870879135129,41.29559039157189
2.6930904375138516,7.541384001214523,2,3,1.0385405941229457,1,86.89424924173031,91.87953531148841,57.97492614306162
5.173285644459839,6.165843381640161,9,8,1.0536482285445774,1,85.22772140137226,49.29551866860656,61.141317506600124
4.180170052234475,4.5494924399598045,5,3,2.5334816637130047,0,71.13643184469662,44.96421013709139,47.47959002505411
6.252905006657849,9.503881452773456,4,8,1.257049537505748,1,67.32620839763591,69.07227970480065,58.48579199643485
1.6996117326848634,4.820911785513768,10,1,1.7561802789148397,0,69.88061892764352,58.14517067671218,62.19114605843518
9.769553268995498,9.701424122924815,1,5,3.372024545371261,0,63.213813157931966,73.80450186903124,69.17383680906623
9.875896700316426,6.676034637747734,7,4,6.61809975705869,1,60.26664693533999,88.22829342900852,72.26728808597659
